# sha256 + mtime (UTC) of every stage binary present on A (conaredb-l96-a), collected 2026-09-24T06:40:37Z
333bc916a1f1379b9cdc847396a1892a2a6656718eb26d12719e1bb3e5abf992  2026-09-23 05:35:01  22096  /home/azureuser/dedupe
913efd1c4a93bcd821f981f6a3381f8fac000144dcd5f0bee545ec6690ff9b41  2026-09-23 05:34:58  7102  /home/azureuser/dedupe.c
e3559a894f3113788d9e90cf8e33bf557b8979f567d0ddfad431cd1d11c48a7b  2026-09-23 04:54:53  17328  /home/azureuser/keysample
0e5ae20cd3550aeea107a2ebe20ead2939fca47a3f1ad0936cf1237cae071dc0  2026-09-22 19:07:25  43230576  /home/azureuser/bin/conaredb-bench
4e6b4fff9290b0df9ee0e2e192add52b1c779a34160b2543b8b69fa6e8e910f8  2026-09-22 23:58:35  49224816  /home/azureuser/bin/conaredb-bench-fastspill
44a37542e1fc013fc23a4ab81b162b77a172d68ae3e04f2297a67ab59b6f5245  2026-09-23 00:27:50  49672416  /home/azureuser/bin/conaredb-bench-pscan
f8f055a28840106225d59119af04a57a28078688e83ab6a1607f3334a3549e55  2026-09-23 08:24:15  1890  /home/azureuser/bin/gserve.sh
0cd9f19da9de1e4016d341599aacf9922c30bfc9ccfe192f960b7ebca0defe55  2026-09-23 13:18:08  2148  /home/azureuser/bin/gserve2.sh
d3950010f9f7b3ed9cde523e5b99e57fa4e7925518fcd55b00b982f0569c88ac  2026-09-22 19:07:26  1463  /home/azureuser/bin/mksource.py
3eb06bb42b0cf65c56486a637a5e39706725a160ca9e2da77f8373591972e0a4  2026-09-22 19:07:27  1712  /home/azureuser/bin/pipeline.sh
df3bed534320fe4cf13a2582a25ac9d4dedbac64fa444bfaeb3da26f53806dd5  2026-09-22 23:58:37  1481  /home/azureuser/bin/pipeline2.sh
b44b53a2516819c7d6aa93590517eeda895a01f00d06217bbdba6aa19ff5e84b  2026-09-23 04:26:48  1272  /home/azureuser/bin/restart_server.sh
57adcfff5a9277f41499ff2728fb46d6f86b35932219b696b065d2ba8b053925  2026-09-23 00:35:02  1101  /home/azureuser/bin/serve10b.sh
9f9430a1c7f0a24faf835087234b49dd2b1314277fd1abde9f1686451448a682  2026-09-23 07:30:44  2854  /home/azureuser/bin/serve_prep.py
63978e39f7fd2b1296580f3a8ddbb15d878f7bf7a1b6962a46630ea72da513eb  2026-09-23 00:27:53  1214  /home/azureuser/bin/tenb-bench.sh
c945b58e651f637c1a43ab4ae59a3efa1f06c13ae078b477dad5b1625c6be72a  2026-09-23 00:33:48  47057544  /home/azureuser/bin2/conaredb-bench
b90da165000e2c41ea0e8abd8d1895d1a039b9de2367c8d4fe8e78160065bd50  2026-09-23 00:33:53  18996120  /home/azureuser/bin2/conaredb-import
1ba747a66e0208e58003a5de6c9148a28feb5537d348cde8da38c8da62ddd85d  2026-09-23 00:33:58  25690360  /home/azureuser/bin2/conaredb-index-job
2f553db377c15eb4e3f1c0b9cf92ee12f345676fe9097ebd71a1f7d8fdd2c86e  2026-09-23 00:34:00  13687864  /home/azureuser/bin2/conaredb-router
c7bd7b5ee3b364c5079c10f9a83480b91552c169bccfd571ee488e8e19608fb5  2026-09-23 00:34:09  35433760  /home/azureuser/bin2/conaredb-server
b8c9fd6044f3d8a6547dfdead932dd0f2d85aca4eadc1b737c46e731d4d0efd2  2026-09-23 04:26:21  36708344  /home/azureuser/bin3/conaredb-server
9c5756e025d598f0193d0e75984875cced73bce8f098bd2d81c605a98b51114b  2026-09-23 05:37:24  10  /home/azureuser/bin5/COMMIT
04bc106a9f1f39bba5e2ff7a2f4e7a0700576b76cbd38da3982c97e90abacb7b  2026-09-23 05:37:41  58005232  /home/azureuser/bin5/conaredb-bench
06f0cc862dabcc13a043e58e27ed6050e7de999da984e2c99aee177b03ef2101  2026-09-23 05:37:48  19028528  /home/azureuser/bin5/conaredb-import
29a12bfe6f171892bfed34d4c5e99a4f4d343e775201d03b4655d1fcc4250495  2026-09-23 05:38:01  36224024  /home/azureuser/bin5/conaredb-server
dd55cb8b2652f78197cc1f74e682c90aa347d5c8c9fe1cc1b82322c7c612956b  2026-09-23 05:38:01  3642  /home/azureuser/bin5/global-a.sh
834192f3f14edcc1abef42e3825ff603d7379511116e8536cf6a0dc1d9d41ccf  2026-09-23 05:38:35  426  /home/azureuser/bin5/recv.sh
06aba44144e9c7e728ec1d6f15c7079af072beb84901c6b76eb1d8b20e78924c  2026-09-23 06:50:42  59369592  /home/azureuser/bin6/conaredb-bench
86d99d8359e84eaa2696b15449e49621fee8a19e7b14999159722eb5c08d317f  2026-09-23 06:50:48  37608640  /home/azureuser/bin6/conaredb-server
3826be280b56223d6a5d2273ceb02151c2b264fb5d350a28996f70c28dabfcf2  2026-09-23 07:30:41  59370128  /home/azureuser/bin7/conaredb-bench
aad0756b6871edb9d77f4e31a618e07d030dc855ced4bf709df288a02d4ea5fa  2026-09-23 07:30:31  37609216  /home/azureuser/bin7/conaredb-server
8ad6bca06b6a1dcaf23bcc69aeea7186e557eaa49d4d44d12d4996e12cde1220  2026-09-23 07:38:18  1158  /home/azureuser/bin7/glvl-a.sh
e1a563ec4a38add6b1aad82e471f08203b16c5f7c4aa7894cba9a117a8cda351  2026-09-23 07:56:23  59593880  /home/azureuser/bin8/conaredb-bench
c74e3bd76b9c8bf7d96cd2b90088e8bac5f29a54327561e9fce18760967a019c  2026-09-23 13:07:44  59989584  /home/azureuser/bin8/conaredb-bench-pools
d61dcf5bdd2f9914dfcbfb6075e1136e8d24c210fa968eca81b648351f6fd2d2  2026-09-23 12:42:04  59607192  /home/azureuser/bin8/conaredb-bench-stage
e018eb154b71f1eb1ec27597ceaa7fb5959af7ebfa0edc18eeb2bc7488d4f21b  2026-09-23 07:56:27  19028792  /home/azureuser/bin8/conaredb-import
b016a0ac31e3c4448cf40cf4909e6aa5f4961e8e050024041d5cbda3840f6219  2026-09-23 07:56:45  34396440  /home/azureuser/bin8/conaredb-index-job
bfbd304de25468914807f46e4cd40e9f87f53f1ad15ecd1cb2f5621365afc8b0  2026-09-23 07:57:05  37609240  /home/azureuser/bin8/conaredb-server
0d32192f91e53d5bf0fd46c1a6644d0f6719db2ce283494ee49971322d532245  2026-09-23 08:09:36  1722  /home/azureuser/bin8/global-a2.sh
ace5aa71c642ebf639045bd6d70d755ac1e0910a389f57d475c7ee573be8d76a  2026-09-23 08:24:11  1654  /home/azureuser/bin8/global-a3.sh
a5367f90e80f1a26f4d44abc8951343f9f57b5b3447bbe9f337a2841edad7bc7  2026-09-23 08:25:26  1675  /home/azureuser/bin8/global-a3.sh.receipt
9a8bb67c2018428ca423680c0e2ac4406f8d3e8338cd042e1c9cae3682b20bc5  2026-09-23 08:24:12  1152  /home/azureuser/bin8/glvl-a.sh
b339da442c67f187be467ef57415c091a71095982cc5be68ed6cb6c701ef94c6  2026-09-23 11:53:18  951  /home/azureuser/bin8/r99-a.sh
e018eb154b71f1eb1ec27597ceaa7fb5959af7ebfa0edc18eeb2bc7488d4f21b  2026-09-23 13:17:53  19028792  /home/azureuser/bin9/conaredb-import
b016a0ac31e3c4448cf40cf4909e6aa5f4961e8e050024041d5cbda3840f6219  2026-09-23 13:17:53  34396440  /home/azureuser/bin9/conaredb-index-job
917245aa0771f9e4360b804e3b82df4ce49bdac6cd8c0644f38bb58211ff2e67  2026-09-24 05:49:03  37999200  /home/azureuser/bin9/conaredb-server
cd60f49ae1d2c70a1965415160a577aaff4eb64cfefcd0d19860d0d5ab6f7c89  2026-09-24 00:43:02  39207208  /mnt/nvme/qdrant-10b/s156/conaredb-server-main-c136d6788
917245aa0771f9e4360b804e3b82df4ce49bdac6cd8c0644f38bb58211ff2e67  2026-09-23 23:09:39  37999200  /mnt/nvme/qdrant-10b/s156/conaredb-server.orig-917245aa
